Event,Date,Time,Area,Situation
E005,010122,0241,HAGERSTOWN,OVERDOSE/I
E006,010122,0242,HAGERSTOWN,OVERDOSE/I
E072,010322,1550,FUNKSTOWN,OVERDOSE/I
E045,010422,1207,SMITHSBURG,OVERDOSE/I
E059,010422,1522,HAGERSTOWN,CARDIAC or
E084,010422,2053,HAGERSTOWN,OVERDOSE/I
E027,010522,1051,HAGERSTOWN,OVERDOSE/I
E079,010522,2041,HAGERSTOWN,OVERDOSE/I
E087,010622,1950,HAGERSTOWN,OVERDOSE/I
E089,010622,2002,HALFWAY,OVERDOSE/I
E012,010722,0436,CLEAR SPRING,OVERDOSE/I
E068,010722,2021,HAGERSTOWN,OVERDOSE/I
E069,010722,2049,HALFWAY,OVERDOSE/I
E023,010922,1050,LONG MEADOW,OVERDOSE/I
E047,010922,1412,BOONSBORO,UNCONSCIOU
E001,011022,0041,HAGERSTOWN,OVERDOSE/I
E087,011022,2058,FAIRPLAY,OVERDOSE/I
E088,011022,2100,HAGERSTOWN,OVERDOSE/I
E058,011122,1633,HAGERSTOWN,UNKNOWN PR
E073,011122,2035,HAGERSTOWN,OVERDOSE/I
E043,011322,1353,FAIRPLAY,OVERDOSE/I
E051,011322,1549,HAGERSTOWN,OVERDOSE/I
E064,011322,1909,HALFWAY,OVERDOSE/I
E002,011422,0053,HAGERSTOWN,OVERDOSE/I
E018,011422,0857,HAGERSTOWN,OBVIOUS DE
E067,011422,2253,FAIRPLAY,OVERDOSE/I
E053,011522,1744,OUT OF COUNTY,OVERDOSE/I
E062,011522,1835,HAGERSTOWN,OVERDOSE/I
E074,011722,2053,HAGERSTOWN,OVERDOSE/I
E073,011822,1631,SMITHSBURG,OVERDOSE/I
E078,011822,1718,HAGERSTOWN,OVERDOSE/I
E003,011922,0229,MAUGANSVILLE,OVERDOSE/I
E063,012022,1807,HALFWAY,OVERDOSE/I
E046,012122,1616,HAGERSTOWN,OVERDOSE/I
E005,012222,0150,HAGERSTOWN,OVERDOSE/I
E020,012222,0758,HAGERSTOWN,OVERDOSE/I
E039,012222,1156,HAGERSTOWN,OVERDOSE/I
E051,012222,1515,HALFWAY,OVERDOSE/I
E002,012322,0027,HAGERSTOWN,OVERDOSE/I
E064,012322,1829,WILLIAMSPORT,OVERDOSE/I
E067,012322,1939,HAGERSTOWN,OVERDOSE/I
E073,012322,2125,HAGERSTOWN,OVERDOSE/I
E080,012322,2330,WILLIAMSPORT,OVERDOSE/I
E049,012422,1452,HALFWAY,OVERDOSE/I
E084,012422,2320,WILLIAMSPORT,OVERDOSE/I
E024,012622,1123,HAGERSTOWN,OVERDOSE/I
E040,012622,1534,HAGERSTOWN,OVERDOSE/I
E049,012622,1753,13010,OVERDOSE/I
E060,012622,2023,HAGERSTOWN,OVERDOSE/I
E017,012722,0500,HAGERSTOWN,OVERDOSE/I
E025,012722,0739,SHARPSBURG,OVERDOSE/I
E038,012722,1137,HAGERSTOWN,OVERDOSE/I
E055,012722,1522,LONG MEADOW,CARDIAC or
E063,012722,1704,HAGERSTOWN,OVERDOSE/I
E004,012822,0204,HAGERSTOWN,OVERDOSE/I
E056,012822,1835,HAGERSTOWN,OVERDOSE/I
E014,012922,0426,HAGERSTOWN,OVERDOSE/I
E076,012922,2021,HAGERSTOWN,OVERDOSE/I
E001,013022,0020,HAGERSTOWN,OVERDOSE/I
E026,013022,1204,HAGERSTOWN,OVERDOSE/I
E045,013022,1729,HAGERSTOWN,OVERDOSE/I
E003,013122,0355,HAGERSTOWN,OVERDOSE/I
E029,013122,1217,HAGERSTOWN,OVERDOSE/I
E052,013122,1711,HAGERSTOWN,OVERDOSE/I
E054,013122,1733,HAGERSTOWN,OVERDOSE/I
E019,020222,0818,HALFWAY,OVERDOSE/I
E059,020222,1748,HAGERSTOWN,OVERDOSE/I
E003,020322,0059,HAGERSTOWN,OVERDOSE/I
E007,020322,0310,HAGERSTOWN,OVERDOSE/I
E055,020322,1641,HAGERSTOWN,OVERDOSE/I
E005,020422,0110,CLEAR SPRING,OVERDOSE/I
E080,020422,1929,SMITHSBURG,OVERDOSE/I
E004,020522,0113,HAGERSTOWN,OVERDOSE/I
E014,020522,0723,HAGERSTOWN,OVERDOSE/I
E035,020622,1417,SMITHSBURG,OVERDOSE/I
E041,020622,1610,HAGERSTOWN,OVERDOSE/I
E042,020622,1612,KNOXVILLE,CARDIAC or
E044,020622,1704,HAGERSTOWN,OVERDOSE/I
E050,020622,1921,HAGERSTOWN,OVERDOSE/I
E001,020722,0023,HALFWAY,OVERDOSE/I
E043,020722,1412,FAIRPLAY,OVERDOSE/I
E070,020722,2023,HAGERSTOWN,OVERDOSE/I
E012,020822,0332,HAGERSTOWN,OVERDOSE/I
E041,020822,1359,ROHRERSVILLE,OBVIOUS DE
E042,020822,1400,FUNKSTOWN,OVERDOSE/I
E065,020822,2116,HAGERSTOWN,OVERDOSE/I
E066,020922,1829,HAGERSTOWN,OVERDOSE/I
E080,020922,2138,HAGERSTOWN,OVERDOSE/I
E024,021022,1153,HAGERSTOWN,CARDIAC or
E026,021022,1222,HAGERSTOWN,UNCONSCIOU
E045,021122,1649,HALFWAY,OVERDOSE/I
E056,021122,1941,HANCOCK,OVERDOSE/I
E063,021122,2125,HAGERSTOWN,OVERDOSE/I
E067,021122,2218,HAGERSTOWN,UNCONSCIOU
E018,021222,0835,HAGERSTOWN,OVERDOSE/I
E066,021222,2026,HAGERSTOWN,OVERDOSE/I
E068,021222,2053,WILLIAMSPORT,OVERDOSE/I
E021,021322,1235,HAGERSTOWN,OVERDOSE/I
E007,021422,0342,FAIRPLAY,OVERDOSE/I
E064,021422,1927,HALFWAY,OVERDOSE/I
E073,021422,2302,HAGERSTOWN,OVERDOSE/I
E007,021522,0633,HAGERSTOWN,OVERDOSE/I
E032,021522,1134,HAGERSTOWN,OVERDOSE/I
E055,021522,1741,HAGERSTOWN,OVERDOSE/I
E071,021522,2255,HAGERSTOWN,OVERDOSE/I
E068,021622,2235,HAGERSTOWN,OVERDOSE/I
E042,021722,1454,HALFWAY,CARDIAC or
E047,021722,1604,HAGERSTOWN,OVERDOSE/I
E056,021722,1816,SMITHSBURG,OVERDOSE/I
E058,021722,1838,HAGERSTOWN,OVERDOSE/I
E062,021722,2058,HALFWAY,OVERDOSE/I
E004,021822,0203,HAGERSTOWN,OVERDOSE/I
E011,021822,0836,HAGERSTOWN,OVERDOSE/I
E081,021922,2113,SMITHSBURG,OVERDOSE/I
E082,021922,2120,HAGERSTOWN,OVERDOSE/I
E006,022022,0249,HANCOCK,OVERDOSE/I
E058,022022,2035,FUNKSTOWN,OVERDOSE/I
E068,022022,2319,HAGERSTOWN,OVERDOSE/I
E014,022122,0721,HAGERSTOWN,OVERDOSE/I
E019,022122,0849,HALFWAY,OVERDOSE/I
E042,022122,1435,HAGERSTOWN,UNKNOWN PR
E051,022122,1624,HAGERSTOWN,OVERDOSE/I
E076,022122,2200,HAGERSTOWN,OVERDOSE/I
E004,022222,0226,HAGERSTOWN,OVERDOSE/I
E028,022222,1017,HAGERSTOWN,OVERDOSE/I
E052,022222,1515,HAGERSTOWN,OVERDOSE/I
E053,022222,1518,HAGERSTOWN,CARDIAC or
E075,022222,1958,HAGERSTOWN,OVERDOSE/I
E079,022222,2120,HAGERSTOWN,OVERDOSE/I
E085,022222,2321,HAGERSTOWN,OVERDOSE/I
E060,022322,1748,HAGERSTOWN,OVERDOSE/I
E071,022322,2119,HAGERSTOWN,OVERDOSE/I
E016,022422,0900,HAGERSTOWN,UNCONSCIOU
E039,022422,1441,HAGERSTOWN,OVERDOSE/I
E012,022522,0701,HAGERSTOWN,OVERDOSE/I
E026,022522,1246,HALFWAY,OVERDOSE/I
E038,022522,1418,SMITHSBURG,OVERDOSE/I
E045,022522,1703,HAGERSTOWN,OVERDOSE/I
E059,022522,2058,HAGERSTOWN,OVERDOSE/I
E041,022622,1327,HAGERSTOWN,OVERDOSE/I
E006,022722,0230,HAGERSTOWN,OVERDOSE/I
E008,022722,0359,FUNKSTOWN,OVERDOSE/I
E019,022722,1100,SMITHSBURG,OVERDOSE/I
E052,022722,1906,FUNKSTOWN,OVERDOSE/I
E042,030122,1600,SHARPSBURG,OVERDOSE/I
E060,030122,2318,MAUGANSVILLE,OVERDOSE/I
E038,030222,1432,HAGERSTOWN,OVERDOSE/I
E041,030222,1514,HAGERSTOWN,OVERDOSE/I
E071,030222,2300,HALFWAY,OVERDOSE/I
E007,030322,0349,HALFWAY,OVERDOSE/I
E011,030322,0540,HAGERSTOWN,OVERDOSE/I
E022,030322,1124,HAGERSTOWN,OVERDOSE/I
E031,030322,1248,MAUGANSVILLE,OVERDOSE/I
E057,030322,2015,HAGERSTOWN,OVERDOSE/I
E004,030422,0348,HAGERSTOWN,OVERDOSE/I
E051,030422,1543,HALFWAY,OVERDOSE/I
E002,030522,0051,HANCOCK,OVERDOSE/I
E050,030522,1627,HAGERSTOWN,OVERDOSE/I
E003,030622,0026,HALFWAY,OVERDOSE/I
E034,030622,1232,HAGERSTOWN,OVERDOSE/I
E063,030622,1804,HAGERSTOWN,OVERDOSE/I
E071,030622,2006,HAGERSTOWN,OVERDOSE/I
E077,030622,2244,HAGERSTOWN,OVERDOSE/I
E016,030722,0741,HANCOCK,OVERDOSE/I
E022,030722,0857,HAGERSTOWN,OVERDOSE/I
E023,030722,0901,HAGERSTOWN,OVERDOSE/I
E071,030722,1738,HAGERSTOWN,OVERDOSE/I
E083,030722,2145,HAGERSTOWN,OVERDOSE/I
E016,030822,0924,MAUGANSVILLE,OVERDOSE/I
E018,030822,1042,HALFWAY,OVERDOSE/I
E037,030822,1413,HAGERSTOWN,OVERDOSE/I
E058,030822,1932,HAGERSTOWN,OVERDOSE/I
E001,030922,0029,WILLIAMSPORT,OVERDOSE/I
E007,030922,0501,CLEAR SPRING,OVERDOSE/I
E068,030922,1807,WILLIAMSPORT,OVERDOSE/I
E069,030922,1816,HALFWAY,OVERDOSE/I
E079,030922,2246,HAGERSTOWN,UNKNOWN PR
E023,031022,0925,HAGERSTOWN,OVERDOSE/I
E072,031022,2037,WILLIAMSPORT,OVERDOSE/I
E035,031222,1418,FUNKSTOWN,CARDIAC or
E048,031222,1722,OUT OF COUNTY,OVERDOSE/I
E052,031222,1814,HAGERSTOWN,OVERDOSE/I
E053,031222,1816,HAGERSTOWN,OVERDOSE/I
E063,031222,2107,HAGERSTOWN,OVERDOSE/I
E057,031322,2313,HAGERSTOWN,OVERDOSE/I
E051,031422,1553,HANCOCK,OVERDOSE/I
E071,031422,2257,HAGERSTOWN,OVERDOSE/I
E056,031522,1724,HAGERSTOWN,OVERDOSE/I
E002,031622,0012,HAGERSTOWN,OVERDOSE/I
E007,031622,0126,HAGERSTOWN,OVERDOSE/I
E042,031622,1428,FUNKSTOWN,OVERDOSE/I
E064,031622,2126,HAGERSTOWN,OVERDOSE/I
E052,031722,1606,HAGERSTOWN,OVERDOSE/I
E066,031722,1841,MAUGANSVILLE,OVERDOSE/I
E013,031822,0904,HAGERSTOWN,OVERDOSE/I
E028,031822,1251,HAGERSTOWN,OVERDOSE/I
E026,031922,1112,HAGERSTOWN,CARDIAC or
E033,031922,1151,HAGERSTOWN,OVERDOSE/I
E055,031922,1800,HAGERSTOWN,OVERDOSE/I
E009,032022,0505,HAGERSTOWN,OVERDOSE/I
E047,032022,1940,HAGERSTOWN,OVERDOSE/I
E040,032122,1400,HAGERSTOWN,OVERDOSE/I
E065,032122,1853,HAGERSTOWN,OVERDOSE/I
E071,032122,2227,WILLIAMSPORT,OVERDOSE/I
E055,032222,2214,HAGERSTOWN,OVERDOSE/I
E061,032322,1619,HAGERSTOWN,OVERDOSE/I
E076,032322,1926,KNOXVILLE,OVERDOSE/I
E002,032522,0128,FUNKSTOWN,OVERDOSE/I
E053,032622,2100,HAGERSTOWN,OVERDOSE/I
E056,032622,2142,HAGERSTOWN,OVERDOSE/I
E009,032722,0541,FUNKSTOWN,OVERDOSE/I
E012,032722,0653,FUNKSTOWN,OVERDOSE/I
E032,032722,1502,HALFWAY,OVERDOSE/I
E041,032722,1657,HAGERSTOWN,OVERDOSE/I
E007,032822,0714,HAGERSTOWN,OVERDOSE/I
E047,032822,1919,HAGERSTOWN,OVERDOSE/I
E043,033022,1626,HAGERSTOWN,OVERDOSE/I
E047,040122,1454,HANCOCK,OVERDOSE/I
E070,040122,2055,OUT OF COUNTY,OVERDOSE/I
E021,040222,0744,HAGERSTOWN,OVERDOSE/I
E027,040222,0931,HAGERSTOWN,OVERDOSE/I
E076,040222,2203,HAGERSTOWN,OVERDOSE/I
E005,040322,0204,HAGERSTOWN,OVERDOSE/I
E039,040322,1834,HAGERSTOWN,OVERDOSE/I
E045,040322,2122,HAGERSTOWN,OVERDOSE/I
E046,040322,2125,HAGERSTOWN,OVERDOSE/I
E048,040322,2214,OUT OF COUNTY,OVERDOSE/I
E010,040422,0606,HAGERSTOWN,OVERDOSE/I
E050,040422,1627,HAGERSTOWN,OVERDOSE/I
E060,040422,1930,FUNKSTOWN,OVERDOSE/I
E044,040522,1450,WILLIAMSPORT,OVERDOSE/I
E045,040522,1459,HAGERSTOWN,OVERDOSE/I
E047,040522,1541,FUNKSTOWN,OVERDOSE/I
E063,040522,1911,HAGERSTOWN,OVERDOSE/I
E064,040522,1918,HAGERSTOWN,OVERDOSE/I
E030,040622,1318,HAGERSTOWN,OVERDOSE/I
E031,040622,1320,MAUGANSVILLE,OVERDOSE/I
E060,040622,1852,HAGERSTOWN,OVERDOSE/I
E062,040722,1730,FUNKSTOWN,OVERDOSE/I
E069,040722,1855,OUT OF COUNTY,OVERDOSE/I
E084,040722,2148,HAGERSTOWN,OVERDOSE/I
E044,040822,1425,HAGERSTOWN,CARDIAC or
E013,041022,0750,WILLIAMSPORT,OVERDOSE/I
E045,041022,1849,HAGERSTOWN,OVERDOSE/I
E065,041122,1737,HALFWAY,OVERDOSE/I
E076,041122,1927,HAGERSTOWN,OVERDOSE/I
E088,041122,2324,OUT OF COUNTY,OVERDOSE/I
E009,041222,0353,HAGERSTOWN,OVERDOSE/I
E008,041222,0353,HAGERSTOWN,OVERDOSE/I
E036,041222,1313,HAGERSTOWN,OVERDOSE/I
E058,041222,1735,HAGERSTOWN,OVERDOSE/I
E067,041222,1843,HAGERSTOWN,OVERDOSE/I
E070,041222,2013,FAIRPLAY,OVERDOSE/I
E010,041322,0541,HAGERSTOWN,OVERDOSE/I
E030,041322,1145,HAGERSTOWN,OVERDOSE/I
E040,041322,1308,HAGERSTOWN,OVERDOSE/I
E027,041422,1136,LONG MEADOW,OVERDOSE/I
E039,041422,1427,HAGERSTOWN,OVERDOSE/I
E047,041522,1547,HAGERSTOWN,UNCONSCIOU
E076,041522,2153,WILLIAMSPORT,OVERDOSE/I
E077,041522,2213,HAGERSTOWN,OVERDOSE/I
E078,041522,2336,HAGERSTOWN,OVERDOSE/I
E003,041622,0159,HAGERSTOWN,OVERDOSE/I
E005,041622,0252,HAGERSTOWN,OVERDOSE/I
E009,041622,0521,FUNKSTOWN,OVERDOSE/I
E012,041622,0634,MAUGANSVILLE,OVERDOSE/I
E060,041622,1817,HAGERSTOWN,OVERDOSE/I
E019,041722,1204,HAGERSTOWN,OVERDOSE/I
E021,041722,1223,HAGERSTOWN,OVERDOSE/I
E038,041722,1843,HALFWAY,UNCONSCIOU
E011,041822,0822,LONG MEADOW,OVERDOSE/I
E032,041822,1324,HAGERSTOWN,OVERDOSE/I
E053,041822,1509,HAGERSTOWN,OVERDOSE/I
E049,042022,1644,HALFWAY,OVERDOSE/I
E074,042022,2309,HAGERSTOWN,OVERDOSE/I
E001,042122,0005,HAGERSTOWN,OVERDOSE/I
E006,042122,0414,HAGERSTOWN,OVERDOSE/I
E040,042122,1135,HAGERSTOWN,CARDIAC or
E064,042122,1744,FUNKSTOWN,OVERDOSE/I
E080,042122,2051,FUNKSTOWN,OVERDOSE/I
E034,042222,1153,WILLIAMSPORT,OVERDOSE/I
E006,042422,0202,CLEAR SPRING,OVERDOSE/I
E082,042522,2126,HALFWAY,OVERDOSE/I
E006,042622,0229,HAGERSTOWN,OVERDOSE/I
E009,042622,0518,HAGERSTOWN,OVERDOSE/I
E050,042622,1713,HAGERSTOWN,OVERDOSE/I
E051,042622,1713,HAGERSTOWN,OVERDOSE/I
E052,042622,1718,HAGERSTOWN,OVERDOSE/I
E053,042622,1725,HAGERSTOWN,OVERDOSE/I
E060,042622,1834,HAGERSTOWN,OVERDOSE/I
E063,042622,1949,LONG MEADOW,OVERDOSE/I
E071,042722,2257,HANCOCK,OVERDOSE/I
E009,042822,0417,MAUGANSVILLE,OVERDOSE/I
E075,042822,2133,HAGERSTOWN,OVERDOSE/I
E040,042922,1230,HAGERSTOWN,OVERDOSE/I
E043,042922,1250,HAGERSTOWN,OVERDOSE/I
E042,042922,1250,HAGERSTOWN,OVERDOSE/I
E058,042922,1635,HAGERSTOWN,OVERDOSE/I
E075,042922,1921,FAIRPLAY,PSYCHIATRI
E084,042922,2339,SMITHSBURG,CARDIAC or
E064,043022,2255,HAGERSTOWN,OVERDOSE/I
E065,043022,2306,HAGERSTOWN,OVERDOSE/I
E013,050122,0659,FUNKSTOWN,OVERDOSE/I
E043,050122,1519,HAGERSTOWN,OVERDOSE/I
E046,050122,1603,HALFWAY,OVERDOSE/I
E059,050122,2004,HAGERSTOWN,OVERDOSE/I
E038,050222,1433,HAGERSTOWN,OVERDOSE/I
E049,050222,1705,HAGERSTOWN,OVERDOSE/I
E055,050222,1757,FAIRPLAY,OVERDOSE/I
E010,050322,0323,HAGERSTOWN,OVERDOSE/I
E051,050322,1550,HAGERSTOWN,OVERDOSE/I
E054,050422,1652,HAGERSTOWN,OVERDOSE/I
E079,050422,2331,HAGERSTOWN,OVERDOSE/I
E020,050522,0912,HAGERSTOWN,OVERDOSE/I
E031,050522,1116,FAIRPLAY,OVERDOSE/I
E093,050522,2152,HAGERSTOWN,OVERDOSE/I
E101,050522,2326,HAGERSTOWN,OVERDOSE/I
E007,050622,0329,WILLIAMSPORT,OVERDOSE/I
E009,050622,0425,WILLIAMSPORT,OVERDOSE/I
E035,050622,0948,HAGERSTOWN,UNCONSCIOU
E053,050622,1240,HAGERSTOWN,OVERDOSE/I
E064,050622,1439,SMITHSBURG,OVERDOSE/I
E089,050622,1929,HAGERSTOWN,OVERDOSE/I
E093,050622,2040,HAGERSTOWN,OVERDOSE/I
E004,050722,0212,OUT OF COUNTY,OVERDOSE/I
E015,050722,0849,OUT OF COUNTY,OVERDOSE/I
E044,050722,1655,HAGERSTOWN,OVERDOSE/I
E045,050722,1706,HALFWAY,OVERDOSE/I
E070,050822,2226,CLEAR SPRING,OVERDOSE/I
E056,050922,1519,HAGERSTOWN,OVERDOSE/I
E076,050922,1951,HAGERSTOWN,OVERDOSE/I
E057,051022,1738,HAGERSTOWN,OVERDOSE/I
E008,051122,0213,HAGERSTOWN,OVERDOSE/I
E050,051122,1557,HAGERSTOWN,CARDIAC or
E067,051122,1945,HAGERSTOWN,OVERDOSE/I
E082,051122,2333,HAGERSTOWN,OVERDOSE/I
E049,051222,1657,HAGERSTOWN,OVERDOSE/I
E011,051322,0327,HAGERSTOWN,OVERDOSE/I
E063,051322,1711,HAGERSTOWN,OVERDOSE/I
E088,051322,2125,HANCOCK,OVERDOSE/I
E099,051322,2250,HAGERSTOWN,OVERDOSE/I
E006,051422,0339,HAGERSTOWN,OVERDOSE/I
E008,051422,0355,HAGERSTOWN,CARDIAC or
E025,051422,1131,FUNKSTOWN,OVERDOSE/I
E035,051422,1347,HAGERSTOWN,OVERDOSE/I
E043,051422,1659,HAGERSTOWN,OVERDOSE/I
E066,051422,2100,MAUGANSVILLE,OVERDOSE/I
E045,051522,1438,OUT OF COUNTY,OVERDOSE/I
E052,051522,1643,HAGERSTOWN,OVERDOSE/I
E079,051522,2350,HALFWAY,OVERDOSE/I
E034,051622,1236,HAGERSTOWN,OVERDOSE/I
E047,051622,1501,HAGERSTOWN,OVERDOSE/I
E001,051722,0001,HAGERSTOWN,OVERDOSE/I
E038,051722,1249,HAGERSTOWN,OVERDOSE/I
E039,051722,1254,HAGERSTOWN,OVERDOSE/I
E078,051722,1751,WILLIAMSPORT,CARDIAC or
E104,051722,2347,HAGERSTOWN,OVERDOSE/I
E027,051922,0948,HALFWAY,OVERDOSE/I
E078,051922,2149,HAGERSTOWN,OVERDOSE/I
E079,051922,2149,HAGERSTOWN,OVERDOSE/I
E080,051922,2233,HAGERSTOWN,OVERDOSE/I
E033,052022,1311,SMITHSBURG,OVERDOSE/I
E034,052022,1322,HAGERSTOWN,OVERDOSE/I
E052,052022,1554,HAGERSTOWN,OVERDOSE/I
E053,052022,1612,HAGERSTOWN,OVERDOSE/I
E060,052022,1721,HAGERSTOWN,OVERDOSE/I
E015,052122,0841,FAIRPLAY,OVERDOSE/I
E019,052122,0926,HAGERSTOWN,CARDIAC or
E048,052122,1428,HAGERSTOWN,OVERDOSE/I
E062,052122,1824,HAGERSTOWN,OVERDOSE/I
E064,052122,1835,HAGERSTOWN,OVERDOSE/I
E007,052222,0435,HAGERSTOWN,OVERDOSE/I
E041,052222,1421,HAGERSTOWN,OVERDOSE/I
E049,052222,1550,HAGERSTOWN,OVERDOSE/I
E032,052422,1058,HAGERSTOWN,OVERDOSE/I
E042,052422,1314,HAGERSTOWN,OVERDOSE/I
E066,052422,1907,HALFWAY,OVERDOSE/I
E067,052422,1910,HAGERSTOWN,OVERDOSE/I
E045,052522,1648,HAGERSTOWN,OVERDOSE/I
E047,052622,1424,HAGERSTOWN,OVERDOSE/I
E079,052622,2210,HAGERSTOWN,OVERDOSE/I
E085,052622,2252,HAGERSTOWN,OVERDOSE/I
E033,052722,1258,HAGERSTOWN,OVERDOSE/I
E017,052822,1054,CLEAR SPRING,OVERDOSE/I
E065,052822,2038,HAGERSTOWN,OVERDOSE/I
E007,052922,0146,HAGERSTOWN,OVERDOSE/I
E008,052922,0214,HAGERSTOWN,OVERDOSE/I
E006,053022,0327,HAGERSTOWN,OVERDOSE/I
E067,053022,2134,OUT OF COUNTY,OVERDOSE/I
E053,060122,1644,SMITHSBURG,OVERDOSE/I
E041,060222,1525,BOONSBORO,OVERDOSE/I
E060,060222,1920,HAGERSTOWN,OVERDOSE/I
E030,060322,1136,HANCOCK,OVERDOSE/I
E057,060322,1602,HAGERSTOWN,OVERDOSE/I
E058,060322,1603,HAGERSTOWN,OVERDOSE/I
E087,060322,2237,HAGERSTOWN,OVERDOSE/I
E013,060422,0350,HAGERSTOWN,OVERDOSE/I
E016,060522,0845,HAGERSTOWN,OVERDOSE/I
E045,060522,1554,FAIRPLAY,OVERDOSE/I
E048,060522,1626,HAGERSTOWN,OVERDOSE/I
E067,060522,2237,OUT OF COUNTY,OVERDOSE/I
E022,060622,0908,HAGERSTOWN,OVERDOSE/I
E040,060622,1402,HALFWAY,OVERDOSE/I
E068,060622,2020,MAUGANSVILLE,OVERDOSE/I
E072,060622,2134,FUNKSTOWN,OVERDOSE/I
E005,060722,0136,LONG MEADOW,OVERDOSE/I
E039,060722,1140,MAUGANSVILLE,CARDIAC or
E066,060722,1606,LONG MEADOW,OVERDOSE/I
E003,060822,0042,HAGERSTOWN,OVERDOSE/I
E004,060822,0057,HAGERSTOWN,OVERDOSE/I
E006,060822,0129,HAGERSTOWN,OVERDOSE/I
E022,060822,1008,HAGERSTOWN,UNCONSCIOU
E042,060822,1331,HAGERSTOWN,OVERDOSE/I
E066,060922,2050,KNOXVILLE,OVERDOSE/I
E019,061022,0752,HAGERSTOWN,OVERDOSE/I
E068,061022,1747,HAGERSTOWN,OVERDOSE/I
E040,061222,1211,HAGERSTOWN,OVERDOSE/I
E075,061222,2239,HAGERSTOWN,OVERDOSE/I
E012,061322,0339,HAGERSTOWN,OVERDOSE/I
E037,061322,1004,HAGERSTOWN,OVERDOSE/I
E027,061422,1006,HAGERSTOWN,OVERDOSE/I
E039,061422,1328,HAGERSTOWN,OVERDOSE/I
E051,061422,1619,HAGERSTOWN,OVERDOSE/I
E061,061422,1810,HALFWAY,OVERDOSE/I
E001,061522,0008,HAGERSTOWN,OVERDOSE/I
E045,061522,1452,HAGERSTOWN,OVERDOSE/I
E093,061522,2336,HAGERSTOWN,OVERDOSE/I
E044,061622,1328,HAGERSTOWN,OVERDOSE/I
E050,061622,1521,HAGERSTOWN,OVERDOSE/I
E067,061622,1858,HAGERSTOWN,OVERDOSE/I
E068,061622,1911,HAGERSTOWN,OVERDOSE/I
E069,061622,1922,HAGERSTOWN,OVERDOSE/I
E074,061622,2051,HAGERSTOWN,OVERDOSE/I
E080,061622,2208,HAGERSTOWN,OVERDOSE/I
E007,061722,0324,HAGERSTOWN,PSYCHIATRI
E012,061722,0723,FAIRPLAY,OVERDOSE/I
E039,061722,1231,LONG MEADOW,OVERDOSE/I
E071,061822,1915,HAGERSTOWN,OVERDOSE/I
E006,061922,0346,WILLIAMSPORT,OVERDOSE/I
E028,062022,0958,HAGERSTOWN,OVERDOSE/I
E058,062022,1710,HAGERSTOWN,OVERDOSE/I
E034,062122,1221,HAGERSTOWN,OVERDOSE/I
E063,062122,1722,HALFWAY,OVERDOSE/I
E066,062122,1821,SHARPSBURG,OVERDOSE/I
E011,062222,0725,HAGERSTOWN,OVERDOSE/I
E025,062222,1112,HAGERSTOWN,OVERDOSE/I
E048,062222,1500,HAGERSTOWN,OVERDOSE/I
E063,062222,1836,HAGERSTOWN,OVERDOSE/I
E066,062222,1908,HAGERSTOWN,OVERDOSE/I
E024,062322,1021,HAGERSTOWN,OVERDOSE/I
E090,062422,2317,HAGERSTOWN,OVERDOSE/I
E091,062422,2323,HAGERSTOWN,OVERDOSE/I
E092,062422,2350,HAGERSTOWN,OVERDOSE/I
E005,062522,0058,HAGERSTOWN,OVERDOSE/I
E012,062522,0319,HAGERSTOWN,OVERDOSE/I
E056,062522,1748,HAGERSTOWN,OVERDOSE/I
E057,062522,1757,HAGERSTOWN,OVERDOSE/I
E062,062522,1850,HAGERSTOWN,OVERDOSE/I
E071,062522,2022,HAGERSTOWN,OVERDOSE/I
E011,062622,0416,HAGERSTOWN,OVERDOSE/I
E021,062622,1005,HAGERSTOWN,OVERDOSE/I
E023,062622,1033,MAUGANSVILLE,OVERDOSE/I
E029,062622,1203,HAGERSTOWN,OVERDOSE/I
E037,062622,1250,HAGERSTOWN,OVERDOSE/I
E056,062622,1615,HALFWAY,OVERDOSE/I
E065,062722,1956,MAUGANSVILLE,OVERDOSE/I
E008,062822,0500,HAGERSTOWN,OVERDOSE/I
E042,062822,1443,HAGERSTOWN,OVERDOSE/I
E006,062922,0245,HAGERSTOWN,OVERDOSE/I
E013,063022,0808,HAGERSTOWN,OVERDOSE/I
E070,063022,1935,HAGERSTOWN,OVERDOSE/I
E031,070122,1050,HAGERSTOWN,OVERDOSE/I
E063,070122,1724,HAGERSTOWN,OVERDOSE/I
E088,070122,2351,HAGERSTOWN,OVERDOSE/I
E008,070222,0351,HAGERSTOWN,OVERDOSE/I
E033,070222,1308,HAGERSTOWN,OVERDOSE/I
E046,070222,1609,SMITHSBURG,OVERDOSE/I
E069,070222,2033,HAGERSTOWN,OVERDOSE/I
E071,070222,2116,CLEAR SPRING,OVERDOSE/I
E020,070322,1010,HAGERSTOWN,OVERDOSE/I
E059,070322,1959,HAGERSTOWN,OVERDOSE/I
E064,070322,2121,CLEAR SPRING,OVERDOSE/I
E002,070422,0015,HAGERSTOWN,OVERDOSE/I
E032,070422,1233,HAGERSTOWN,OVERDOSE/I
E052,070422,1718,HAGERSTOWN,OVERDOSE/I
E067,070422,2125,HAGERSTOWN,CARDIAC or
E006,070522,0159,HAGERSTOWN,OVERDOSE/I
E067,070522,1742,HALFWAY,OVERDOSE/I
E088,070522,2056,HAGERSTOWN,OVERDOSE/I
E011,070622,0451,HAGERSTOWN,OVERDOSE/I
E012,070622,0454,HAGERSTOWN,OVERDOSE/I
E037,070622,1150,HAGERSTOWN,OVERDOSE/I
E042,070622,1241,HAGERSTOWN,OVERDOSE/I
E079,070622,2106,HALFWAY,OVERDOSE/I
E037,070722,1137,HAGERSTOWN,OVERDOSE/I
E049,070722,1415,HAGERSTOWN,OVERDOSE/I
E084,070722,1954,HAGERSTOWN,OVERDOSE/I
E004,070822,0046,FUNKSTOWN,OVERDOSE/I
E020,070822,0843,HAGERSTOWN,OVERDOSE/I
E024,070822,0959,HAGERSTOWN,OVERDOSE/I
E043,070822,1434,HANCOCK,OVERDOSE/I
E044,070822,1435,HAGERSTOWN,OVERDOSE/I
E048,070822,1509,FUNKSTOWN,OVERDOSE/I
E069,070822,2002,HAGERSTOWN,OVERDOSE/I
E072,070822,2022,HAGERSTOWN,OVERDOSE/I
E023,070922,1016,HAGERSTOWN,OVERDOSE/I
E034,070922,1333,MAUGANSVILLE,OVERDOSE/I
E035,070922,1334,MAUGANSVILLE,OVERDOSE/I
E061,071022,1503,HAGERSTOWN,OVERDOSE/I
E065,071022,1536,HAGERSTOWN,OVERDOSE/I
E073,071022,1630,HAGERSTOWN,CARDIAC or
E082,071022,1756,SHARPSBURG,OVERDOSE/I
E099,071022,2243,HALFWAY,OVERDOSE/I
E100,071022,2256,HAGERSTOWN,OVERDOSE/I
E010,071122,0513,HAGERSTOWN,OVERDOSE/I
E015,071122,0721,HAGERSTOWN,OVERDOSE/I
E020,071122,0829,FAIRPLAY,OVERDOSE/I
E021,071122,0837,HALFWAY,OVERDOSE/I
E071,071122,1859,HAGERSTOWN,OVERDOSE/I
E084,071122,2106,HAGERSTOWN,OVERDOSE/I
E008,071222,0357,HAGERSTOWN,OVERDOSE/I
E014,071322,0357,HAGERSTOWN,OVERDOSE/I
E015,071322,0421,HAGERSTOWN,OVERDOSE/I
E043,071322,1104,HAGERSTOWN,OVERDOSE/I
E066,071322,1629,HAGERSTOWN,OVERDOSE/I
E075,071322,1913,HAGERSTOWN,OVERDOSE/I
E080,071322,2029,HAGERSTOWN,OVERDOSE/I
E083,071322,2132,HAGERSTOWN,OVERDOSE/I
E006,071422,0136,HAGERSTOWN,OVERDOSE/I
E037,071622,1513,HALFWAY,OVERDOSE/I
E041,071622,1536,SMITHSBURG,OVERDOSE/I
E039,071722,1424,HAGERSTOWN,OVERDOSE/I
E075,071722,2217,ROHRERSVILLE,OVERDOSE/I
E014,071822,0515,HAGERSTOWN,OVERDOSE/I
E068,071822,1736,HAGERSTOWN,OVERDOSE/I
E079,071822,2037,FUNKSTOWN,OVERDOSE/I
E081,071822,2123,HAGERSTOWN,OVERDOSE/I
E021,071922,0920,MOUNT AETNA,OVERDOSE/I
E029,071922,1114,HALFWAY,OVERDOSE/I
E036,071922,1154,HAGERSTOWN,OVERDOSE/I
E034,071922,1155,HAGERSTOWN,OVERDOSE/I
E084,071922,2228,FUNKSTOWN,OVERDOSE/I
E003,072022,0057,HAGERSTOWN,OVERDOSE/I
E004,072022,0125,HAGERSTOWN,OVERDOSE/I
E006,072022,0130,HAGERSTOWN,OVERDOSE/I
E030,072022,0838,HAGERSTOWN,UNCONSCIOU
E056,072022,1540,HAGERSTOWN,OVERDOSE/I
E059,072022,1618,HAGERSTOWN,OVERDOSE/I
E065,072022,1739,HAGERSTOWN,OVERDOSE/I
E071,072022,1943,HAGERSTOWN,OVERDOSE/I
E075,072022,2044,HAGERSTOWN,OVERDOSE/I
E076,072022,2046,HAGERSTOWN,OVERDOSE/I
E006,072122,0401,HAGERSTOWN,OVERDOSE/I
E045,072122,1357,HAGERSTOWN,OVERDOSE/I
E052,072122,1608,HAGERSTOWN,UNKNOWN PR
E051,072222,1519,SMITHSBURG,OVERDOSE/I
E083,072222,2126,HAGERSTOWN,OVERDOSE/I
E018,072322,0926,HAGERSTOWN,OVERDOSE/I
E021,072322,1007,HAGERSTOWN,OVERDOSE/I
E035,072322,1234,HAGERSTOWN,OVERDOSE/I
E008,072422,0636,HAGERSTOWN,UNKNOWN PR
E010,072422,0706,HAGERSTOWN,OVERDOSE/I
E036,072422,1453,HAGERSTOWN,OVERDOSE/I
E051,072422,1727,FUNKSTOWN,OVERDOSE/I
E057,072422,1929,HAGERSTOWN,OVERDOSE/I
E007,072522,0353,HALFWAY,OVERDOSE/I
E053,072522,1820,SMITHSBURG,OVERDOSE/I
E056,072522,1910,HAGERSTOWN,OVERDOSE/I
E023,072622,1100,HAGERSTOWN,OVERDOSE/I
E065,072622,1811,HANCOCK,OVERDOSE/I
E025,072722,1002,HAGERSTOWN,OVERDOSE/I
E024,072722,1002,HAGERSTOWN,OVERDOSE/I
E028,072722,1021,HAGERSTOWN,OVERDOSE/I
E041,072722,1221,HAGERSTOWN,OVERDOSE/I
E046,072722,1308,SMITHSBURG,OVERDOSE/I
E054,072722,1357,HAGERSTOWN,OVERDOSE/I
E070,072722,1819,HALFWAY,OVERDOSE/I
E029,072822,1107,HAGERSTOWN,UNKNOWN PR
E040,072922,1243,HAGERSTOWN,OVERDOSE/I
E068,072922,1831,HAGERSTOWN,OVERDOSE/I
E009,073022,0258,HAGERSTOWN,CARDIAC or
E010,073022,0259,MAUGANSVILLE,MEDICAL EM
E047,073022,1629,FUNKSTOWN,OVERDOSE/I
E061,073122,1815,KNOXVILLE,OVERDOSE/I
E064,073122,1906,SMITHSBURG,OVERDOSE/I
E065,073122,1907,HAGERSTOWN,OVERDOSE/I
E081,073122,2229,HAGERSTOWN,OVERDOSE/I
E004,080122,0126,HAGERSTOWN,OVERDOSE/I
E032,080122,1127,HAGERSTOWN,OVERDOSE/I
E061,080122,1624,HAGERSTOWN,OVERDOSE/I
E067,080122,1721,HALFWAY,OVERDOSE/I
E072,080122,1813,HALFWAY,OVERDOSE/I
E085,080122,2141,HAGERSTOWN,CARDIAC or
E046,080222,1216,CLEAR SPRING,OVERDOSE/I
E076,080222,1921,HAGERSTOWN,OVERDOSE/I
E085,080222,2237,HALFWAY,OVERDOSE/I
E004,080322,0249,HAGERSTOWN,OVERDOSE/I
E054,080322,1813,HAGERSTOWN,OVERDOSE/I
E079,080322,2251,HALFWAY,OVERDOSE/I
E006,080422,0524,HAGERSTOWN,OVERDOSE/I
E013,080422,0748,HAGERSTOWN,OVERDOSE/I
E034,080422,1317,HAGERSTOWN,OVERDOSE/I
E053,080422,1741,WILLIAMSPORT,OVERDOSE/I
E063,080422,2016,HAGERSTOWN,OVERDOSE/I
E040,080522,1253,HALFWAY,OVERDOSE/I
E082,080522,2137,HAGERSTOWN,CARDIAC or
E021,080622,1203,HAGERSTOWN,CARDIAC or
E022,080622,1209,SMITHSBURG,OVERDOSE/I
E068,080622,2121,HANCOCK,OVERDOSE/I
E053,080722,1528,HAGERSTOWN,OVERDOSE/I
E081,080822,2114,HAGERSTOWN,OVERDOSE/I
E044,080922,1400,HAGERSTOWN,OVERDOSE/I
E068,080922,1731,HAGERSTOWN,MEDICAL EM
E081,080922,1936,FAIRPLAY,OVERDOSE/I
E097,080922,2159,HAGERSTOWN,OVERDOSE/I
E022,081022,0849,HAGERSTOWN,OVERDOSE/I
E023,081022,0857,BOONSBORO,OVERDOSE/I
E031,081022,1021,HAGERSTOWN,OVERDOSE/I
E052,081022,1409,HAGERSTOWN,OVERDOSE/I
E061,081022,1610,MAUGANSVILLE,OVERDOSE/I
E003,081122,0138,HAGERSTOWN,OVERDOSE/I
E004,081122,0300,HAGERSTOWN,OVERDOSE/I
E061,081122,1435,HAGERSTOWN,OVERDOSE/I
E069,081122,1637,HAGERSTOWN,OVERDOSE/I
E037,081222,1449,HAGERSTOWN,OVERDOSE/I
E065,081222,2303,HAGERSTOWN,OVERDOSE/I
E043,081322,1557,HAGERSTOWN,OVERDOSE/I
E067,081322,1959,HAGERSTOWN,OVERDOSE/I
E003,081422,0007,HAGERSTOWN,OVERDOSE/I
E004,081422,0007,HAGERSTOWN,OVERDOSE/I
E076,081422,2155,HAGERSTOWN,OVERDOSE/I
E002,081522,0120,HALFWAY,OVERDOSE/I
E042,081522,1224,HAGERSTOWN,OVERDOSE/I
E006,081622,0303,HAGERSTOWN,OVERDOSE/I
E040,081622,1325,HAGERSTOWN,OVERDOSE/I
E049,081622,1535,HAGERSTOWN,OVERDOSE/I
E060,081622,1756,LEITERSBURG,OVERDOSE/I
E061,081622,1757,HAGERSTOWN,OVERDOSE/I
E046,081722,1612,HALFWAY,OVERDOSE/I
E045,081822,1410,HAGERSTOWN,OVERDOSE/I
E057,081822,1623,WILLIAMSPORT,OVERDOSE/I
E070,081822,2042,HALFWAY,OVERDOSE/I
E076,081922,2030,HAGERSTOWN,OVERDOSE/I
E077,081922,2049,OUT OF COUNTY,OVERDOSE/I
E080,081922,2138,HAGERSTOWN,OVERDOSE/I
E006,082022,0134,HAGERSTOWN,OVERDOSE/I
E048,082022,1507,HAGERSTOWN,OVERDOSE/I
E055,082022,1609,HAGERSTOWN,OVERDOSE/I
E065,082022,1709,HAGERSTOWN,OVERDOSE/I
E005,082122,0144,HAGERSTOWN,OVERDOSE/I
E040,082122,1557,FUNKSTOWN,DIABETIC P
E008,082222,0540,WILLIAMSPORT,OVERDOSE/I
E020,082222,1039,HALFWAY,OVERDOSE/I
E004,082322,0206,HALFWAY,OVERDOSE/I
E010,082322,0617,HALFWAY,OVERDOSE/I
E051,082322,1543,HAGERSTOWN,OVERDOSE/I
E052,082522,1539,HAGERSTOWN,OVERDOSE/I
E072,082522,1913,HAGERSTOWN,OVERDOSE/I
E015,082622,0809,HAGERSTOWN,OVERDOSE/I
E003,082722,0022,HAGERSTOWN,OVERDOSE/I
E018,082722,0930,MAUGANSVILLE,OBVIOUS DE
E069,082722,2038,HAGERSTOWN,OVERDOSE/I
E072,082722,2139,HAGERSTOWN,OVERDOSE/I
E056,082822,1933,HAGERSTOWN,OVERDOSE/I
E064,082822,2124,LEITERSBURG,OVERDOSE/I
E065,082822,2204,HAGERSTOWN,OVERDOSE/I
E065,083022,1940,HAGERSTOWN,OVERDOSE/I
E007,083122,0255,HAGERSTOWN,OVERDOSE/I
E015,083122,0802,HAGERSTOWN,OVERDOSE/I
E072,083122,2104,HALFWAY,OVERDOSE/I
E003,090122,0042,HAGERSTOWN,OVERDOSE/I
E013,090122,0618,HAGERSTOWN,OVERDOSE/I
E015,090122,0741,HAGERSTOWN,OVERDOSE/I
E057,090122,1813,HAGERSTOWN,OVERDOSE/I
E070,090122,2204,HAGERSTOWN,OVERDOSE/I
E005,090222,0456,HAGERSTOWN,OVERDOSE/I
E046,090222,1513,HANCOCK,OVERDOSE/I
E055,090222,1635,HAGERSTOWN,OVERDOSE/I
E056,090222,1636,SMITHSBURG,OVERDOSE/I
E072,090222,2054,HAGERSTOWN,OVERDOSE/I
E073,090222,2108,HAGERSTOWN,OVERDOSE/I
E078,090222,2239,HAGERSTOWN,OVERDOSE/I
E082,090222,2319,HAGERSTOWN,OVERDOSE/I
E067,090322,2254,HAGERSTOWN,CARDIAC or
E005,090422,0120,HAGERSTOWN,OVERDOSE/I
E018,090422,0652,HAGERSTOWN,OVERDOSE/I
E066,090422,2007,HAGERSTOWN,OVERDOSE/I
E009,090522,0313,HAGERSTOWN,OVERDOSE/I
E038,090522,1208,HAGERSTOWN,OVERDOSE/I
E004,090622,0220,FUNKSTOWN,OVERDOSE/I
E005,090622,0240,HAGERSTOWN,OVERDOSE/I
E011,090622,0455,HAGERSTOWN,OVERDOSE/I
E045,090622,1229,HAGERSTOWN,OVERDOSE/I
E071,090622,1711,HAGERSTOWN,OVERDOSE/I
E012,090722,0652,OUT OF COUNTY,OVERDOSE/I
E103,090722,2313,HAGERSTOWN,OVERDOSE/I
E058,090822,1955,HAGERSTOWN,OVERDOSE/I
E060,090822,2029,HALFWAY,OVERDOSE/I
E067,090922,1806,HAGERSTOWN,OVERDOSE/I
E076,090922,2125,HAGERSTOWN,OVERDOSE/I
E004,091022,0207,HAGERSTOWN,OVERDOSE/I
E033,091022,1436,HAGERSTOWN,OVERDOSE/I
E045,091022,1733,MOUNT AETNA,OVERDOSE/I
E026,091122,1052,HAGERSTOWN,OVERDOSE/I
E071,091222,1852,HAGERSTOWN,CONVULSION
E083,091222,2331,HAGERSTOWN,OVERDOSE/I
E042,091322,1520,HAGERSTOWN,OVERDOSE/I
E067,091322,1920,HAGERSTOWN,OVERDOSE/I
E074,091322,2031,HAGERSTOWN,CARDIAC or
E033,091422,1505,HAGERSTOWN,OVERDOSE/I
E035,091422,1554,HAGERSTOWN,OVERDOSE/I
E049,091422,1822,HAGERSTOWN,OVERDOSE/I
E050,091522,1247,SMITHSBURG,OVERDOSE/I
E084,091522,1923,MAUGANSVILLE,OVERDOSE/I
E095,091522,2105,HAGERSTOWN,OVERDOSE/I
E041,091622,1412,HAGERSTOWN,OVERDOSE/I
E007,091722,0457,HAGERSTOWN,OVERDOSE/I
E055,091722,1740,HAGERSTOWN,OVERDOSE/I
E064,091722,1858,HAGERSTOWN,CARDIAC or
E005,091822,0212,HAGERSTOWN,OVERDOSE/I
E016,091822,0800,HAGERSTOWN,OVERDOSE/I
E038,091822,1501,HAGERSTOWN,OVERDOSE/I
E043,091822,1538,HAGERSTOWN,OVERDOSE/I
E054,091822,1846,HAGERSTOWN,OVERDOSE/I
E047,091922,1340,HAGERSTOWN,OVERDOSE/I
E071,091922,1911,HAGERSTOWN,OVERDOSE/I
E034,092022,1237,HAGERSTOWN,OVERDOSE/I
E035,092022,1245,CLEAR SPRING,OVERDOSE/I
E069,092022,2145,HAGERSTOWN,OVERDOSE/I
E074,092022,2345,HAGERSTOWN,OVERDOSE/I
E001,092122,0007,FAIRPLAY,OVERDOSE/I
E053,092122,1756,LEITERSBURG,OVERDOSE/I
E054,092122,1803,HANCOCK,OVERDOSE/I
E058,092122,1826,HAGERSTOWN,OVERDOSE/I
E064,092222,1858,HAGERSTOWN,OVERDOSE/I
E038,092322,1354,HAGERSTOWN,OVERDOSE/I
E006,092422,0417,HAGERSTOWN,OVERDOSE/I
E044,092422,1539,HAGERSTOWN,OVERDOSE/I
E065,092422,2013,HAGERSTOWN,OVERDOSE/I
E041,092522,1440,HAGERSTOWN,OVERDOSE/I
E043,092522,1516,HAGERSTOWN,OVERDOSE/I
E052,092522,1743,HAGERSTOWN,OVERDOSE/I
E070,092522,2312,HAGERSTOWN,OVERDOSE/I
E073,092522,2328,HAGERSTOWN,OVERDOSE/I
E002,092622,0031,HAGERSTOWN,OVERDOSE/I
E020,092722,1007,FAIRPLAY,OVERDOSE/I
E056,092722,2017,HAGERSTOWN,OVERDOSE/I
E022,092822,1009,HAGERSTOWN,OVERDOSE/I
E091,092822,2218,HAGERSTOWN,OVERDOSE/I
E006,092922,0402,HAGERSTOWN,OVERDOSE/I
E010,092922,0652,SMITHSBURG,OVERDOSE/I
E052,092922,1440,HAGERSTOWN,OVERDOSE/I
E053,092922,1441,HAGERSTOWN,OVERDOSE/I
E011,100122,0431,FAIRPLAY,OVERDOSE/I
E013,100122,0554,OUT OF COUNTY,OVERDOSE/I
E030,100322,1201,HALFWAY,CARDIAC or
E011,100422,0625,FUNKSTOWN,OVERDOSE/I
E032,100422,1225,FUNKSTOWN,OVERDOSE/I
E038,100422,1348,91990,OVERDOSE/I
E046,100422,1522,HAGERSTOWN,OVERDOSE/I
E061,100422,1846,HAGERSTOWN,OVERDOSE/I
E066,100422,2006,HAGERSTOWN,OVERDOSE/I
E018,100522,1155,SMITHSBURG,OVERDOSE/I
E001,100622,0039,FUNKSTOWN,OVERDOSE/I
E074,100622,1921,HAGERSTOWN,OVERDOSE/I
E023,100722,0954,HAGERSTOWN,OVERDOSE/I
E036,100822,1443,HAGERSTOWN,OVERDOSE/I
E048,100822,1955,HAGERSTOWN,OVERDOSE/I
E070,100922,2103,HAGERSTOWN,OVERDOSE/I
E071,100922,2106,HAGERSTOWN,OVERDOSE/I
E018,101022,0805,HAGERSTOWN,OVERDOSE/I
E010,101122,0814,HALFWAY,OVERDOSE/I
E013,101122,0830,HALFWAY,OVERDOSE/I
E039,101322,1325,HAGERSTOWN,OVERDOSE/I
E055,101322,1558,HAGERSTOWN,OVERDOSE/I
E060,101322,1634,HAGERSTOWN,OVERDOSE/I
E077,101322,2005,HAGERSTOWN,OVERDOSE/I
E080,101322,2139,HAGERSTOWN,OVERDOSE/I
E002,101422,0033,HAGERSTOWN,OVERDOSE/I
E003,101422,0041,HAGERSTOWN,OVERDOSE/I
E007,101522,0417,FUNKSTOWN,OVERDOSE/I
E008,101522,0443,HAGERSTOWN,OVERDOSE/I
E041,101522,1454,HAGERSTOWN,OVERDOSE/I
E051,101522,1554,FAIRPLAY,OVERDOSE/I
E074,101522,2011,HAGERSTOWN,OVERDOSE/I
E078,101522,2118,HAGERSTOWN,OVERDOSE/I
E086,101522,2333,HAGERSTOWN,OVERDOSE/I
E033,101622,1333,HAGERSTOWN,OVERDOSE/I
E058,101622,2302,HAGERSTOWN,OVERDOSE/I
E006,101722,0155,HAGERSTOWN,OVERDOSE/I
E023,101722,0848,CLEAR SPRING,OVERDOSE/I
E076,101722,2139,HAGERSTOWN,OVERDOSE/I
E060,101822,2026,KNOXVILLE,OVERDOSE/I
E028,101922,1027,HAGERSTOWN,OVERDOSE/I
E069,101922,1834,OUT OF COUNTY,OVERDOSE/I
E075,101922,2108,HALFWAY,OVERDOSE/I
E044,102022,1633,HAGERSTOWN,OVERDOSE/I
E074,102022,2315,HAGERSTOWN,OVERDOSE/I
E004,102122,0243,WILLIAMSPORT,OVERDOSE/I
E039,102122,1401,HAGERSTOWN,OVERDOSE/I
E042,102122,1429,OUT OF COUNTY,OVERDOSE/I
E058,102122,1753,MAUGANSVILLE,OVERDOSE/I
E060,102122,1821,FAIRPLAY,OVERDOSE/I
E008,102222,0342,HAGERSTOWN,OVERDOSE/I
E028,102222,1217,HAGERSTOWN,OVERDOSE/I
E072,102222,2106,HAGERSTOWN,OVERDOSE/I
E033,102322,1315,HAGERSTOWN,OVERDOSE/I
E042,102322,1557,HAGERSTOWN,OVERDOSE/I
E046,102322,1630,HAGERSTOWN,OVERDOSE/I
E064,102322,2043,HAGERSTOWN,OVERDOSE/I
E007,102422,0530,HALFWAY,OVERDOSE/I
E032,102422,1218,HAGERSTOWN,CARDIAC or
E017,102522,1014,FUNKSTOWN,OVERDOSE/I
E044,102522,1638,HAGERSTOWN,OVERDOSE/I
E083,102622,2111,HAGERSTOWN,OVERDOSE/I
E086,102622,2203,HAGERSTOWN,OVERDOSE/I
E029,102722,1214,HAGERSTOWN,OVERDOSE/I
E019,102822,0836,HAGERSTOWN,OVERDOSE/I
E008,102922,0138,OUT OF COUNTY,OVERDOSE/I
E028,102922,1203,HAGERSTOWN,OVERDOSE/I
E054,102922,1808,SHARPSBURG,OVERDOSE/I
E054,103022,1801,HAGERSTOWN,CARDIAC or
E006,103122,0225,FUNKSTOWN,OVERDOSE/I
E013,103122,0746,ROHRERSVILLE,OVERDOSE/I
E030,103122,1204,SMITHSBURG,UNCONSCIOU
E090,103122,2354,HAGERSTOWN,OVERDOSE/I
E058,110122,1334,HAGERSTOWN,CARDIAC or
E059,110122,1334,HAGERSTOWN,OVERDOSE/I
E080,110122,1954,HAGERSTOWN,OVERDOSE/I
E010,110222,0701,MAUGANSVILLE,OVERDOSE/I
E068,110222,1726,HAGERSTOWN,OVERDOSE/I
E008,110322,0318,HAGERSTOWN,OVERDOSE/I
E078,110322,2218,HAGERSTOWN,OVERDOSE/I
E083,110322,2306,HAGERSTOWN,OVERDOSE/I
E061,110422,1720,ROHRERSVILLE,UNCONSCIOU
E088,110422,2323,MAUGANSVILLE,OVERDOSE/I
E015,110522,0605,FUNKSTOWN,OVERDOSE/I
E042,110522,1326,HAGERSTOWN,OVERDOSE/I
E037,110622,1331,HAGERSTOWN,OVERDOSE/I
E059,110622,1723,HAGERSTOWN,CHEST PAIN
E068,110622,1951,HAGERSTOWN,OVERDOSE/I
E001,110722,0001,HAGERSTOWN,OVERDOSE/I
E022,110722,1005,FUNKSTOWN,OVERDOSE/I
E011,110822,0640,SMITHSBURG,OVERDOSE/I
E055,110822,1547,HAGERSTOWN,OVERDOSE/I
E063,110822,1858,HAGERSTOWN,OVERDOSE/I
E074,110822,2351,HAGERSTOWN,OVERDOSE/I
E003,110922,0043,HAGERSTOWN,OVERDOSE/I
E024,110922,0850,HAGERSTOWN,OVERDOSE/I
E041,110922,1231,HAGERSTOWN,OVERDOSE/I
E062,110922,1708,HAGERSTOWN,OVERDOSE/I
E077,111022,1912,HALFWAY,OVERDOSE/I
E078,111022,1917,HALFWAY,OVERDOSE/I
E079,111022,1937,BOONSBORO,OVERDOSE/I
E005,111122,0157,HAGERSTOWN,OVERDOSE/I
E054,111122,1442,HAGERSTOWN,OVERDOSE/I
E008,111222,0348,HAGERSTOWN,OVERDOSE/I
E034,111322,1342,HAGERSTOWN,OVERDOSE/I
E016,111422,0756,FUNKSTOWN,OVERDOSE/I
E071,111422,2358,HAGERSTOWN,OVERDOSE/I
E035,111522,1240,HAGERSTOWN,MEDICAL EM
E055,111622,1725,HAGERSTOWN,OVERDOSE/I
E011,111722,0441,HAGERSTOWN,OVERDOSE/I
E019,111722,0715,HAGERSTOWN,OVERDOSE/I
E079,111722,2007,LONG MEADOW,OVERDOSE/I
E009,111822,0350,HAGERSTOWN,OVERDOSE/I
E070,111822,1907,HAGERSTOWN,OVERDOSE/I
E071,111822,2027,HAGERSTOWN,OVERDOSE/I
E015,111922,0844,LONG MEADOW,OBVIOUS DE
E039,111922,1336,HAGERSTOWN,UNCONSCIOU
E046,111922,1431,FUNKSTOWN,OVERDOSE/I
E035,112122,1123,HAGERSTOWN,OVERDOSE/I
E036,112122,1137,SMITHSBURG,OVERDOSE/I
E041,112122,1215,HAGERSTOWN,OVERDOSE/I
E059,112122,1530,SMITHSBURG,OVERDOSE/I
E066,112122,1625,HAGERSTOWN,OVERDOSE/I
E089,112122,2215,HAGERSTOWN,OVERDOSE/I
E006,112322,0117,FUNKSTOWN,OVERDOSE/I
E021,112322,0816,HALFWAY,CARDIAC or
E055,112322,1527,WILLIAMSPORT,UNCONSCIOU
E072,112322,1758,HAGERSTOWN,OVERDOSE/I
E006,120922,0222,HAGERSTOWN,OVERDOSE/I
E084,120922,2047,MAUGANSVILLE,OVERDOSE/I
E006,121022,0238,HAGERSTOWN,CARDIAC or
E018,121022,0719,HAGERSTOWN,OVERDOSE/I
E046,121022,1512,HAGERSTOWN,OVERDOSE/I
E047,121022,1527,HAGERSTOWN,OVERDOSE/I
E048,121022,1530,HAGERSTOWN,OVERDOSE/I
E079,121022,2205,HAGERSTOWN,OVERDOSE/I
E010,121122,0433,HAGERSTOWN,OVERDOSE/I
E067,121122,2101,HAGERSTOWN,OVERDOSE/I
E068,121122,2149,HALFWAY,OVERDOSE/I
E002,121422,0341,HAGERSTOWN,OVERDOSE/I
E031,121422,1251,HAGERSTOWN,OVERDOSE/I
E058,121422,1818,HALFWAY,OVERDOSE/I
E018,121522,0649,HANCOCK,OVERDOSE/I
E037,121622,1315,HAGERSTOWN,OVERDOSE/I
E015,121722,0632,HAGERSTOWN,OVERDOSE/I
E039,121722,1306,HAGERSTOWN,OVERDOSE/I
E058,121722,1730,HAGERSTOWN,OVERDOSE/I
E064,121722,1843,HAGERSTOWN,OVERDOSE/I
E043,121822,1329,HAGERSTOWN,OVERDOSE/I
E045,121822,1435,HAGERSTOWN,OVERDOSE/I
E016,121922,0726,HAGERSTOWN,OVERDOSE/I
E029,121922,1138,CLEAR SPRING,PSYCHIATRI
E072,121922,2040,HAGERSTOWN,OVERDOSE/I
E058,122022,1746,HAGERSTOWN,OVERDOSE/I
E067,122022,2012,FAIRPLAY,OVERDOSE/I
E072,122022,2143,MAUGANSVILLE,OVERDOSE/I
E043,122122,1525,BOONSBORO,OVERDOSE/I
E050,122222,1416,HAGERSTOWN,OVERDOSE/I
E052,122222,1431,HAGERSTOWN,OVERDOSE/I
E036,122322,1427,HALFWAY,OVERDOSE/I
E060,122322,2230,WILLIAMSPORT,CARDIAC or
E061,122322,2233,SMITHSBURG,OVERDOSE/I
E068,122422,2116,HAGERSTOWN,OVERDOSE/I
E020,122522,1106,HAGERSTOWN,OVERDOSE/I
E042,122522,1709,HALFWAY,OVERDOSE/I
E066,122522,2335,MAUGANSVILLE,OVERDOSE/I
E076,122622,1818,HAGERSTOWN,OVERDOSE/I
E079,122622,1846,HAGERSTOWN,OVERDOSE/I
E082,122622,1909,HAGERSTOWN,OVERDOSE/I
E089,122622,2129,HAGERSTOWN,OVERDOSE/I
E094,122622,2357,HAGERSTOWN,OVERDOSE/I
E017,122722,0228,HAGERSTOWN,OVERDOSE/I
E096,122722,2219,ROHRERSVILLE,OVERDOSE/I
E016,122922,0741,HAGERSTOWN,OVERDOSE/I
E033,122922,1234,HAGERSTOWN,OVERDOSE/I
E034,122922,1235,HAGERSTOWN,OVERDOSE/I
E013,123022,0549,HAGERSTOWN,OVERDOSE/I
E083,123022,1927,FUNKSTOWN,OVERDOSE/I
E013,123122,0641,HAGERSTOWN,UNCONSCIOU
E026,123122,1010,HAGERSTOWN,OVERDOSE/I
E025,123122,1011,HAGERSTOWN,UNKNOWN PR
E045,123122,1407,FUNKSTOWN,OVERDOSE/I
E056,123122,1628,HANCOCK,OVERDOSE/I
E068,123122,1957,HAGERSTOWN,OVERDOSE/I